-- phpMyAdmin SQL Dump
-- version 4.5.4.1deb2ubuntu2.1
-- http://www.phpmyadmin.net
--
-- Host: localhost
-- Generation Time:  1 март 2019 в 10:10
-- Версия на сървъра: 5.7.25-0ubuntu0.16.04.2
-- PHP Version: 7.2.15-1+ubuntu16.04.1+deb.sury.org+1

SET SQL_MODE = "NO_AUTO_VALUE_ON_ZERO";
SET time_zone = "+00:00";


/*!40101 SET @OLD_CHARACTER_SET_CLIENT=@@CHARACTER_SET_CLIENT */;
/*!40101 SET @OLD_CHARACTER_SET_RESULTS=@@CHARACTER_SET_RESULTS */;
/*!40101 SET @OLD_COLLATION_CONNECTION=@@COLLATION_CONNECTION */;
/*!40101 SET NAMES utf8mb4 */;

--
-- Database: `blood-donation`
--

-- --------------------------------------------------------

--
-- Структура на таблица `answers`
--

CREATE TABLE `answers` (
  `id` int(10) UNSIGNED NOT NULL,
  `donor_declaration_id` int(10) UNSIGNED NOT NULL,
  `question_id` int(10) UNSIGNED NOT NULL,
  `answer` varchar(191) COLLATE utf8mb4_unicode_ci DEFAULT NULL,
  `description` varchar(191) COLLATE utf8mb4_unicode_ci DEFAULT NULL,
  `created_at` timestamp NULL DEFAULT NULL,
  `updated_at` timestamp NULL DEFAULT NULL
) ENGINE=MyISAM DEFAULT CHARSET=utf8mb4 COLLATE=utf8mb4_unicode_ci;

--
-- Схема на данните от таблица `answers`
--

INSERT INTO `answers` (`id`, `donor_declaration_id`, `question_id`, `answer`, `description`, `created_at`, `updated_at`) VALUES
(1, 1, 1, 'yes', NULL, '2019-02-10 19:33:11', '2019-02-10 19:33:11'),
(2, 1, 2, 'yes', NULL, '2019-02-10 19:33:11', '2019-02-10 19:33:11'),
(3, 1, 3, 'no', NULL, '2019-02-10 19:33:11', '2019-02-10 19:33:11'),
(4, 1, 4, 'yes', NULL, '2019-02-10 19:33:11', '2019-02-10 19:33:11'),
(5, 1, 5, 'no', NULL, '2019-02-10 19:33:11', '2019-02-10 19:33:11'),
(6, 1, 6, 'yes', NULL, '2019-02-10 19:33:11', '2019-02-10 19:33:11'),
(7, 1, 7, 'no', NULL, '2019-02-10 19:33:11', '2019-02-10 19:33:11'),
(8, 1, 8, 'yes', NULL, '2019-02-10 19:33:11', '2019-02-10 19:33:11'),
(9, 1, 9, 'no', NULL, '2019-02-10 19:33:11', '2019-02-10 19:33:11'),
(10, 1, 10, 'yes', NULL, '2019-02-10 19:33:11', '2019-02-10 19:33:11'),
(11, 1, 11, 'no', NULL, '2019-02-10 19:33:11', '2019-02-10 19:33:11'),
(12, 1, 12, 'no', NULL, '2019-02-10 19:33:11', '2019-02-10 19:33:11'),
(13, 2, 1, 'yes', NULL, '2019-02-10 21:21:41', '2019-02-10 21:21:41'),
(14, 2, 2, 'yes', NULL, '2019-02-10 21:21:41', '2019-02-10 21:21:41'),
(15, 2, 3, 'yes', NULL, '2019-02-10 21:21:41', '2019-02-10 21:21:41'),
(16, 2, 4, 'yes', NULL, '2019-02-10 21:21:41', '2019-02-10 21:21:41'),
(17, 2, 5, 'yes', NULL, '2019-02-10 21:21:41', '2019-02-10 21:21:41'),
(18, 2, 6, 'yes', NULL, '2019-02-10 21:21:41', '2019-02-10 21:21:41'),
(19, 2, 7, 'yes', NULL, '2019-02-10 21:21:41', '2019-02-10 21:21:41'),
(20, 2, 8, 'yes', NULL, '2019-02-10 21:21:41', '2019-02-10 21:21:41'),
(21, 2, 9, 'yes', NULL, '2019-02-10 21:21:41', '2019-02-10 21:21:41'),
(22, 2, 10, 'yes', NULL, '2019-02-10 21:21:41', '2019-02-10 21:21:41'),
(23, 2, 11, 'yes', NULL, '2019-02-10 21:21:41', '2019-02-10 21:21:41'),
(24, 2, 12, 'yes', NULL, '2019-02-10 21:21:41', '2019-02-10 21:21:41'),
(25, 3, 1, 'yes', NULL, '2019-02-11 18:51:58', '2019-02-11 18:51:58'),
(26, 3, 2, 'no', NULL, '2019-02-11 18:51:58', '2019-02-11 18:51:58'),
(27, 3, 3, 'yes', NULL, '2019-02-11 18:51:58', '2019-02-11 18:51:58'),
(28, 3, 4, 'no', NULL, '2019-02-11 18:51:58', '2019-02-11 18:51:58'),
(29, 3, 5, 'yes', NULL, '2019-02-11 18:51:58', '2019-02-11 18:51:58'),
(30, 3, 6, 'no', NULL, '2019-02-11 18:51:58', '2019-02-11 18:51:58'),
(31, 3, 7, 'yes', NULL, '2019-02-11 18:51:58', '2019-02-11 18:51:58'),
(32, 3, 8, 'no', NULL, '2019-02-11 18:51:58', '2019-02-11 18:51:58'),
(33, 3, 9, 'yes', NULL, '2019-02-11 18:51:58', '2019-02-11 18:51:58'),
(34, 3, 10, 'no', NULL, '2019-02-11 18:51:58', '2019-02-11 18:51:58'),
(35, 3, 11, 'yes', NULL, '2019-02-11 18:51:58', '2019-02-11 18:51:58'),
(36, 3, 12, 'no', NULL, '2019-02-11 18:51:58', '2019-02-11 18:51:58'),
(170, 14, 1, 'yes', NULL, '2019-02-23 20:40:03', '2019-02-23 20:40:03'),
(38, 4, 1, 'yes', NULL, '2019-02-12 20:17:42', '2019-02-12 20:17:42'),
(39, 4, 2, 'yes', NULL, '2019-02-12 20:17:42', '2019-02-12 20:17:42'),
(40, 4, 3, 'yes', NULL, '2019-02-12 20:17:42', '2019-02-12 20:17:42'),
(41, 4, 4, 'yes', NULL, '2019-02-12 20:17:42', '2019-02-12 20:17:42'),
(42, 4, 5, 'yes', NULL, '2019-02-12 20:17:42', '2019-02-12 20:17:42'),
(43, 4, 6, 'yes', NULL, '2019-02-12 20:17:42', '2019-02-12 20:17:42'),
(44, 4, 7, 'yes', NULL, '2019-02-12 20:17:42', '2019-02-12 20:17:42'),
(45, 4, 8, 'yes', NULL, '2019-02-12 20:17:42', '2019-02-12 20:17:42'),
(46, 4, 9, 'yes', NULL, '2019-02-12 20:17:42', '2019-02-12 20:17:42'),
(47, 4, 10, 'yes', NULL, '2019-02-12 20:17:42', '2019-02-12 20:17:42'),
(48, 4, 11, 'yes', NULL, '2019-02-12 20:17:42', '2019-02-12 20:17:42'),
(49, 4, 12, 'yes', NULL, '2019-02-12 20:17:42', '2019-02-12 20:17:42'),
(169, 13, 12, 'yes', NULL, '2019-02-23 20:39:43', '2019-02-23 20:39:43'),
(51, 5, 1, 'yes', NULL, '2019-02-12 20:21:24', '2019-02-12 20:21:24'),
(52, 5, 2, 'yes', NULL, '2019-02-12 20:21:24', '2019-02-12 20:21:24'),
(53, 5, 3, 'yes', NULL, '2019-02-12 20:21:24', '2019-02-12 20:21:24'),
(54, 5, 4, 'yes', NULL, '2019-02-12 20:21:24', '2019-02-12 20:21:24'),
(55, 5, 5, 'yes', NULL, '2019-02-12 20:21:24', '2019-02-12 20:21:24'),
(56, 5, 6, 'yes', NULL, '2019-02-12 20:21:24', '2019-02-12 20:21:24'),
(57, 5, 7, 'yes', NULL, '2019-02-12 20:21:24', '2019-02-12 20:21:24'),
(58, 5, 8, 'yes', NULL, '2019-02-12 20:21:24', '2019-02-12 20:21:24'),
(59, 5, 9, 'yes', NULL, '2019-02-12 20:21:24', '2019-02-12 20:21:24'),
(60, 5, 10, 'yes', NULL, '2019-02-12 20:21:24', '2019-02-12 20:21:24'),
(61, 5, 11, 'yes', NULL, '2019-02-12 20:21:24', '2019-02-12 20:21:24'),
(62, 5, 12, 'yes', NULL, '2019-02-12 20:21:24', '2019-02-12 20:21:24'),
(168, 13, 11, 'yes', NULL, '2019-02-23 20:39:43', '2019-02-23 20:39:43'),
(64, 6, 1, 'yes', NULL, '2019-02-17 17:17:28', '2019-02-17 17:17:28'),
(65, 6, 2, 'yes', NULL, '2019-02-17 17:17:28', '2019-02-17 17:17:28'),
(66, 6, 3, 'yes', NULL, '2019-02-17 17:17:28', '2019-02-17 17:17:28'),
(67, 6, 4, 'yes', NULL, '2019-02-17 17:17:28', '2019-02-17 17:17:28'),
(68, 6, 5, 'yes', NULL, '2019-02-17 17:17:28', '2019-02-17 17:17:28'),
(69, 6, 6, 'yes', NULL, '2019-02-17 17:17:28', '2019-02-17 17:17:28'),
(70, 6, 7, 'yes', NULL, '2019-02-17 17:17:28', '2019-02-17 17:17:28'),
(71, 6, 8, 'yes', NULL, '2019-02-17 17:17:28', '2019-02-17 17:17:28'),
(72, 6, 9, 'yes', NULL, '2019-02-17 17:17:28', '2019-02-17 17:17:28'),
(73, 6, 10, 'yes', NULL, '2019-02-17 17:17:28', '2019-02-17 17:17:28'),
(74, 6, 11, 'yes', NULL, '2019-02-17 17:17:28', '2019-02-17 17:17:28'),
(75, 6, 12, 'yes', NULL, '2019-02-17 17:17:28', '2019-02-17 17:17:28'),
(167, 13, 10, 'yes', NULL, '2019-02-23 20:39:43', '2019-02-23 20:39:43'),
(166, 13, 9, 'yes', NULL, '2019-02-23 20:39:43', '2019-02-23 20:39:43'),
(78, 7, 1, 'yes', NULL, '2019-02-17 17:26:18', '2019-02-17 17:26:18'),
(79, 7, 2, 'yes', NULL, '2019-02-17 17:26:18', '2019-02-17 17:26:18'),
(80, 7, 3, 'yes', NULL, '2019-02-17 17:26:18', '2019-02-17 17:26:18'),
(81, 7, 4, 'yes', NULL, '2019-02-17 17:26:18', '2019-02-17 17:26:18'),
(82, 7, 5, 'yes', NULL, '2019-02-17 17:26:18', '2019-02-17 17:26:18'),
(83, 7, 6, 'yes', NULL, '2019-02-17 17:26:18', '2019-02-17 17:26:18'),
(84, 7, 7, 'yes', NULL, '2019-02-17 17:26:18', '2019-02-17 17:26:18'),
(85, 7, 8, 'yes', NULL, '2019-02-17 17:26:18', '2019-02-17 17:26:18'),
(86, 7, 9, 'yes', NULL, '2019-02-17 17:26:18', '2019-02-17 17:26:18'),
(87, 7, 10, 'yes', NULL, '2019-02-17 17:26:18', '2019-02-17 17:26:18'),
(88, 7, 11, 'yes', NULL, '2019-02-17 17:26:18', '2019-02-17 17:26:18'),
(89, 7, 12, 'yes', NULL, '2019-02-17 17:26:18', '2019-02-17 17:26:18'),
(165, 13, 8, 'yes', NULL, '2019-02-23 20:39:43', '2019-02-23 20:39:43'),
(164, 13, 7, 'yes', NULL, '2019-02-23 20:39:43', '2019-02-23 20:39:43'),
(92, 8, 1, 'yes', NULL, '2019-02-23 17:40:38', '2019-02-23 17:40:38'),
(93, 8, 2, 'yes', NULL, '2019-02-23 17:40:38', '2019-02-23 17:40:38'),
(94, 8, 3, 'yes', NULL, '2019-02-23 17:40:38', '2019-02-23 17:40:38'),
(95, 8, 4, 'yes', NULL, '2019-02-23 17:40:39', '2019-02-23 17:40:39'),
(96, 8, 5, 'yes', NULL, '2019-02-23 17:40:39', '2019-02-23 17:40:39'),
(97, 8, 6, 'yes', NULL, '2019-02-23 17:40:39', '2019-02-23 17:40:39'),
(98, 8, 7, 'yes', NULL, '2019-02-23 17:40:39', '2019-02-23 17:40:39'),
(99, 8, 8, 'yes', NULL, '2019-02-23 17:40:39', '2019-02-23 17:40:39'),
(100, 8, 9, 'yes', NULL, '2019-02-23 17:40:39', '2019-02-23 17:40:39'),
(101, 8, 10, 'yes', NULL, '2019-02-23 17:40:39', '2019-02-23 17:40:39'),
(102, 8, 11, 'yes', NULL, '2019-02-23 17:40:39', '2019-02-23 17:40:39'),
(103, 8, 12, 'yes', NULL, '2019-02-23 17:40:39', '2019-02-23 17:40:39'),
(163, 13, 6, 'yes', NULL, '2019-02-23 20:39:43', '2019-02-23 20:39:43'),
(162, 13, 5, 'yes', NULL, '2019-02-23 20:39:43', '2019-02-23 20:39:43'),
(106, 9, 1, 'no', NULL, '2019-02-23 18:03:24', '2019-02-23 18:03:24'),
(107, 9, 2, 'no', NULL, '2019-02-23 18:03:24', '2019-02-23 18:03:24'),
(108, 9, 3, 'no', NULL, '2019-02-23 18:03:24', '2019-02-23 18:03:24'),
(109, 9, 4, 'no', NULL, '2019-02-23 18:03:24', '2019-02-23 18:03:24'),
(110, 9, 5, 'no', NULL, '2019-02-23 18:03:24', '2019-02-23 18:03:24'),
(111, 9, 6, 'no', NULL, '2019-02-23 18:03:24', '2019-02-23 18:03:24'),
(112, 9, 7, 'no', NULL, '2019-02-23 18:03:24', '2019-02-23 18:03:24'),
(113, 9, 8, 'no', NULL, '2019-02-23 18:03:24', '2019-02-23 18:03:24'),
(114, 9, 9, 'no', NULL, '2019-02-23 18:03:24', '2019-02-23 18:03:24'),
(115, 9, 10, 'no', NULL, '2019-02-23 18:03:24', '2019-02-23 18:03:24'),
(116, 9, 11, 'no', NULL, '2019-02-23 18:03:24', '2019-02-23 18:03:24'),
(117, 9, 12, 'no', NULL, '2019-02-23 18:03:24', '2019-02-23 18:03:24'),
(161, 13, 4, 'yes', NULL, '2019-02-23 20:39:43', '2019-02-23 20:39:43'),
(160, 13, 3, 'yes', NULL, '2019-02-23 20:39:43', '2019-02-23 20:39:43'),
(120, 10, 1, 'yes', NULL, '2019-02-23 18:27:11', '2019-02-23 18:27:11'),
(121, 10, 2, 'yes', NULL, '2019-02-23 18:27:11', '2019-02-23 18:27:11'),
(122, 10, 3, 'yes', NULL, '2019-02-23 18:27:11', '2019-02-23 18:27:11'),
(123, 10, 4, 'yes', NULL, '2019-02-23 18:27:11', '2019-02-23 18:27:11'),
(124, 10, 5, 'yes', NULL, '2019-02-23 18:27:11', '2019-02-23 18:27:11'),
(125, 10, 6, 'yes', NULL, '2019-02-23 18:27:11', '2019-02-23 18:27:11'),
(126, 10, 7, 'yes', NULL, '2019-02-23 18:27:11', '2019-02-23 18:27:11'),
(127, 10, 8, 'yes', NULL, '2019-02-23 18:27:11', '2019-02-23 18:27:11'),
(128, 10, 9, 'yes', NULL, '2019-02-23 18:27:11', '2019-02-23 18:27:11'),
(129, 10, 10, 'yes', NULL, '2019-02-23 18:27:11', '2019-02-23 18:27:11'),
(130, 10, 11, 'yes', NULL, '2019-02-23 18:27:11', '2019-02-23 18:27:11'),
(131, 10, 12, 'yes', NULL, '2019-02-23 18:27:11', '2019-02-23 18:27:11'),
(159, 13, 2, 'yes', NULL, '2019-02-23 20:39:43', '2019-02-23 20:39:43'),
(158, 13, 1, 'yes', NULL, '2019-02-23 20:39:43', '2019-02-23 20:39:43'),
(134, 11, 1, 'yes', NULL, '2019-02-23 19:32:41', '2019-02-23 19:32:41'),
(135, 11, 2, 'yes', NULL, '2019-02-23 19:32:41', '2019-02-23 19:32:41'),
(136, 11, 3, 'yes', NULL, '2019-02-23 19:32:41', '2019-02-23 19:32:41'),
(137, 11, 4, 'yes', NULL, '2019-02-23 19:32:41', '2019-02-23 19:32:41'),
(138, 11, 5, 'yes', NULL, '2019-02-23 19:32:41', '2019-02-23 19:32:41'),
(139, 11, 6, 'yes', NULL, '2019-02-23 19:32:41', '2019-02-23 19:32:41'),
(140, 11, 7, 'yes', NULL, '2019-02-23 19:32:41', '2019-02-23 19:32:41'),
(141, 11, 8, 'yes', NULL, '2019-02-23 19:32:41', '2019-02-23 19:32:41'),
(142, 11, 9, 'yes', NULL, '2019-02-23 19:32:41', '2019-02-23 19:32:41'),
(143, 11, 10, 'yes', NULL, '2019-02-23 19:32:41', '2019-02-23 19:32:41'),
(144, 11, 11, 'yes', NULL, '2019-02-23 19:32:41', '2019-02-23 19:32:41'),
(145, 11, 12, 'yes', NULL, '2019-02-23 19:32:41', '2019-02-23 19:32:41'),
(146, 12, 1, 'yes', NULL, '2019-02-23 19:42:39', '2019-02-23 19:42:39'),
(147, 12, 2, 'yes', NULL, '2019-02-23 19:42:39', '2019-02-23 19:42:39'),
(148, 12, 3, 'yes', NULL, '2019-02-23 19:42:39', '2019-02-23 19:42:39'),
(149, 12, 4, 'yes', NULL, '2019-02-23 19:42:39', '2019-02-23 19:42:39'),
(150, 12, 5, 'yes', NULL, '2019-02-23 19:42:39', '2019-02-23 19:42:39'),
(151, 12, 6, 'yes', NULL, '2019-02-23 19:42:39', '2019-02-23 19:42:39'),
(152, 12, 7, 'yes', NULL, '2019-02-23 19:42:39', '2019-02-23 19:42:39'),
(153, 12, 8, 'yes', NULL, '2019-02-23 19:42:39', '2019-02-23 19:42:39'),
(154, 12, 9, 'yes', NULL, '2019-02-23 19:42:39', '2019-02-23 19:42:39'),
(155, 12, 10, 'yes', NULL, '2019-02-23 19:42:39', '2019-02-23 19:42:39'),
(156, 12, 11, 'yes', NULL, '2019-02-23 19:42:39', '2019-02-23 19:42:39'),
(157, 12, 12, 'yes', NULL, '2019-02-23 19:42:39', '2019-02-23 19:42:39'),
(171, 14, 2, 'yes', NULL, '2019-02-23 20:40:03', '2019-02-23 20:40:03'),
(172, 14, 3, 'yes', NULL, '2019-02-23 20:40:03', '2019-02-23 20:40:03'),
(173, 14, 4, 'yes', NULL, '2019-02-23 20:40:03', '2019-02-23 20:40:03'),
(174, 14, 5, 'yes', NULL, '2019-02-23 20:40:03', '2019-02-23 20:40:03'),
(175, 14, 6, 'yes', NULL, '2019-02-23 20:40:03', '2019-02-23 20:40:03'),
(176, 14, 7, 'yes', NULL, '2019-02-23 20:40:03', '2019-02-23 20:40:03'),
(177, 14, 8, 'yes', NULL, '2019-02-23 20:40:03', '2019-02-23 20:40:03'),
(178, 14, 9, 'yes', NULL, '2019-02-23 20:40:03', '2019-02-23 20:40:03'),
(179, 14, 10, 'yes', NULL, '2019-02-23 20:40:03', '2019-02-23 20:40:03'),
(180, 14, 11, 'yes', NULL, '2019-02-23 20:40:03', '2019-02-23 20:40:03'),
(181, 14, 12, 'yes', NULL, '2019-02-23 20:40:03', '2019-02-23 20:40:03'),
(182, 15, 1, 'yes', NULL, '2019-02-23 20:40:56', '2019-02-23 20:40:56'),
(183, 15, 2, 'yes', NULL, '2019-02-23 20:40:56', '2019-02-23 20:40:56'),
(184, 15, 3, 'yes', NULL, '2019-02-23 20:40:56', '2019-02-23 20:40:56'),
(185, 15, 4, 'yes', NULL, '2019-02-23 20:40:56', '2019-02-23 20:40:56'),
(186, 15, 5, 'yes', NULL, '2019-02-23 20:40:56', '2019-02-23 20:40:56'),
(187, 15, 6, 'yes', NULL, '2019-02-23 20:40:56', '2019-02-23 20:40:56'),
(188, 15, 7, 'yes', NULL, '2019-02-23 20:40:56', '2019-02-23 20:40:56'),
(189, 15, 8, 'yes', NULL, '2019-02-23 20:40:56', '2019-02-23 20:40:56'),
(190, 15, 9, 'yes', NULL, '2019-02-23 20:40:56', '2019-02-23 20:40:56'),
(191, 15, 10, 'yes', NULL, '2019-02-23 20:40:56', '2019-02-23 20:40:56'),
(192, 15, 11, 'yes', NULL, '2019-02-23 20:40:56', '2019-02-23 20:40:56'),
(193, 15, 12, 'yes', NULL, '2019-02-23 20:40:56', '2019-02-23 20:40:56'),
(194, 16, 1, 'yes', NULL, '2019-02-23 20:41:23', '2019-02-23 20:41:23'),
(195, 16, 2, 'yes', NULL, '2019-02-23 20:41:23', '2019-02-23 20:41:23'),
(196, 16, 3, 'yes', NULL, '2019-02-23 20:41:23', '2019-02-23 20:41:23'),
(197, 16, 4, 'yes', NULL, '2019-02-23 20:41:23', '2019-02-23 20:41:23'),
(198, 16, 5, 'yes', NULL, '2019-02-23 20:41:23', '2019-02-23 20:41:23'),
(199, 16, 6, 'yes', NULL, '2019-02-23 20:41:23', '2019-02-23 20:41:23'),
(200, 16, 7, 'yes', NULL, '2019-02-23 20:41:23', '2019-02-23 20:41:23'),
(201, 16, 8, 'yes', NULL, '2019-02-23 20:41:23', '2019-02-23 20:41:23'),
(202, 16, 9, 'yes', NULL, '2019-02-23 20:41:23', '2019-02-23 20:41:23'),
(203, 16, 10, 'yes', NULL, '2019-02-23 20:41:23', '2019-02-23 20:41:23'),
(204, 16, 11, 'yes', NULL, '2019-02-23 20:41:23', '2019-02-23 20:41:23'),
(205, 16, 12, 'yes', NULL, '2019-02-23 20:41:23', '2019-02-23 20:41:23'),
(206, 17, 1, 'yes', NULL, '2019-02-23 20:41:37', '2019-02-23 20:41:37'),
(207, 17, 2, 'yes', NULL, '2019-02-23 20:41:37', '2019-02-23 20:41:37'),
(208, 17, 3, 'yes', NULL, '2019-02-23 20:41:37', '2019-02-23 20:41:37'),
(209, 17, 4, 'yes', NULL, '2019-02-23 20:41:37', '2019-02-23 20:41:37'),
(210, 17, 5, 'yes', NULL, '2019-02-23 20:41:37', '2019-02-23 20:41:37'),
(211, 17, 6, 'yes', NULL, '2019-02-23 20:41:37', '2019-02-23 20:41:37'),
(212, 17, 7, 'yes', NULL, '2019-02-23 20:41:37', '2019-02-23 20:41:37'),
(213, 17, 8, 'yes', NULL, '2019-02-23 20:41:37', '2019-02-23 20:41:37'),
(214, 17, 9, 'yes', NULL, '2019-02-23 20:41:37', '2019-02-23 20:41:37'),
(215, 17, 10, 'yes', NULL, '2019-02-23 20:41:37', '2019-02-23 20:41:37'),
(216, 17, 11, 'yes', NULL, '2019-02-23 20:41:37', '2019-02-23 20:41:37'),
(217, 17, 12, 'yes', NULL, '2019-02-23 20:41:37', '2019-02-23 20:41:37'),
(218, 18, 1, 'yes', NULL, '2019-02-23 20:42:32', '2019-02-23 20:42:32'),
(219, 18, 2, 'yes', NULL, '2019-02-23 20:42:32', '2019-02-23 20:42:32'),
(220, 18, 3, 'yes', NULL, '2019-02-23 20:42:32', '2019-02-23 20:42:32'),
(221, 18, 4, 'yes', NULL, '2019-02-23 20:42:32', '2019-02-23 20:42:32'),
(222, 18, 5, 'yes', NULL, '2019-02-23 20:42:32', '2019-02-23 20:42:32'),
(223, 18, 6, 'yes', NULL, '2019-02-23 20:42:32', '2019-02-23 20:42:32'),
(224, 18, 7, 'yes', NULL, '2019-02-23 20:42:32', '2019-02-23 20:42:32'),
(225, 18, 8, 'yes', NULL, '2019-02-23 20:42:32', '2019-02-23 20:42:32'),
(226, 18, 9, 'yes', NULL, '2019-02-23 20:42:32', '2019-02-23 20:42:32'),
(227, 18, 10, 'yes', NULL, '2019-02-23 20:42:32', '2019-02-23 20:42:32'),
(228, 18, 11, 'yes', NULL, '2019-02-23 20:42:32', '2019-02-23 20:42:32'),
(229, 18, 12, 'yes', NULL, '2019-02-23 20:42:32', '2019-02-23 20:42:32'),
(230, 19, 1, 'yes', NULL, '2019-02-23 20:42:47', '2019-02-23 20:42:47'),
(231, 19, 2, 'yes', NULL, '2019-02-23 20:42:47', '2019-02-23 20:42:47'),
(232, 19, 3, 'yes', NULL, '2019-02-23 20:42:47', '2019-02-23 20:42:47'),
(233, 19, 4, 'yes', NULL, '2019-02-23 20:42:47', '2019-02-23 20:42:47'),
(234, 19, 5, 'yes', NULL, '2019-02-23 20:42:47', '2019-02-23 20:42:47'),
(235, 19, 6, 'yes', NULL, '2019-02-23 20:42:47', '2019-02-23 20:42:47'),
(236, 19, 7, 'yes', NULL, '2019-02-23 20:42:47', '2019-02-23 20:42:47'),
(237, 19, 8, 'yes', NULL, '2019-02-23 20:42:47', '2019-02-23 20:42:47'),
(238, 19, 9, 'yes', NULL, '2019-02-23 20:42:47', '2019-02-23 20:42:47'),
(239, 19, 10, 'yes', NULL, '2019-02-23 20:42:47', '2019-02-23 20:42:47'),
(240, 19, 11, 'yes', NULL, '2019-02-23 20:42:47', '2019-02-23 20:42:47'),
(241, 19, 12, 'yes', NULL, '2019-02-23 20:42:47', '2019-02-23 20:42:47'),
(242, 20, 1, 'yes', NULL, '2019-02-23 20:43:58', '2019-02-23 20:43:58'),
(243, 20, 2, 'yes', NULL, '2019-02-23 20:43:58', '2019-02-23 20:43:58'),
(244, 20, 3, 'yes', NULL, '2019-02-23 20:43:58', '2019-02-23 20:43:58'),
(245, 20, 4, 'yes', NULL, '2019-02-23 20:43:58', '2019-02-23 20:43:58'),
(246, 20, 5, 'yes', NULL, '2019-02-23 20:43:58', '2019-02-23 20:43:58'),
(247, 20, 6, 'yes', NULL, '2019-02-23 20:43:58', '2019-02-23 20:43:58'),
(248, 20, 7, 'yes', NULL, '2019-02-23 20:43:58', '2019-02-23 20:43:58'),
(249, 20, 8, 'yes', NULL, '2019-02-23 20:43:58', '2019-02-23 20:43:58'),
(250, 20, 9, 'yes', NULL, '2019-02-23 20:43:58', '2019-02-23 20:43:58'),
(251, 20, 10, 'yes', NULL, '2019-02-23 20:43:58', '2019-02-23 20:43:58'),
(252, 20, 11, 'yes', NULL, '2019-02-23 20:43:58', '2019-02-23 20:43:58'),
(253, 20, 12, 'yes', NULL, '2019-02-23 20:43:58', '2019-02-23 20:43:58'),
(254, 21, 1, 'yes', NULL, '2019-02-24 08:37:18', '2019-02-24 08:37:18'),
(255, 21, 2, 'yes', NULL, '2019-02-24 08:37:18', '2019-02-24 08:37:18'),
(256, 21, 3, 'yes', NULL, '2019-02-24 08:37:18', '2019-02-24 08:37:18'),
(257, 21, 4, 'yes', NULL, '2019-02-24 08:37:18', '2019-02-24 08:37:18'),
(258, 21, 5, 'yes', NULL, '2019-02-24 08:37:18', '2019-02-24 08:37:18'),
(259, 21, 6, 'yes', NULL, '2019-02-24 08:37:18', '2019-02-24 08:37:18'),
(260, 21, 7, 'yes', NULL, '2019-02-24 08:37:18', '2019-02-24 08:37:18'),
(261, 21, 8, 'yes', NULL, '2019-02-24 08:37:18', '2019-02-24 08:37:18'),
(262, 21, 9, 'yes', NULL, '2019-02-24 08:37:18', '2019-02-24 08:37:18'),
(263, 21, 10, 'yes', NULL, '2019-02-24 08:37:18', '2019-02-24 08:37:18'),
(264, 21, 11, 'yes', NULL, '2019-02-24 08:37:18', '2019-02-24 08:37:18'),
(265, 21, 12, 'yes', NULL, '2019-02-24 08:37:18', '2019-02-24 08:37:18'),
(266, 22, 1, 'yes', NULL, '2019-02-24 10:21:08', '2019-02-24 10:21:08'),
(267, 22, 2, 'yes', NULL, '2019-02-24 10:21:08', '2019-02-24 10:21:08'),
(268, 22, 3, 'yes', NULL, '2019-02-24 10:21:08', '2019-02-24 10:21:08'),
(269, 22, 4, 'yes', NULL, '2019-02-24 10:21:08', '2019-02-24 10:21:08'),
(270, 22, 5, 'yes', NULL, '2019-02-24 10:21:08', '2019-02-24 10:21:08'),
(271, 22, 6, 'yes', NULL, '2019-02-24 10:21:08', '2019-02-24 10:21:08'),
(272, 22, 7, 'yes', NULL, '2019-02-24 10:21:08', '2019-02-24 10:21:08'),
(273, 22, 8, 'yes', NULL, '2019-02-24 10:21:08', '2019-02-24 10:21:08'),
(274, 22, 9, 'yes', NULL, '2019-02-24 10:21:08', '2019-02-24 10:21:08'),
(275, 22, 10, 'yes', NULL, '2019-02-24 10:21:08', '2019-02-24 10:21:08'),
(276, 22, 11, 'yes', NULL, '2019-02-24 10:21:08', '2019-02-24 10:21:08'),
(277, 22, 12, 'yes', NULL, '2019-02-24 10:21:08', '2019-02-24 10:21:08'),
(278, 23, 1, 'yes', NULL, '2019-02-24 10:39:51', '2019-02-24 10:39:51'),
(279, 23, 2, 'yes', NULL, '2019-02-24 10:39:51', '2019-02-24 10:39:51'),
(280, 23, 3, 'yes', NULL, '2019-02-24 10:39:51', '2019-02-24 10:39:51'),
(281, 23, 4, 'yes', NULL, '2019-02-24 10:39:51', '2019-02-24 10:39:51'),
(282, 23, 5, 'yes', NULL, '2019-02-24 10:39:51', '2019-02-24 10:39:51'),
(283, 23, 6, 'yes', NULL, '2019-02-24 10:39:51', '2019-02-24 10:39:51'),
(284, 23, 7, 'yes', NULL, '2019-02-24 10:39:51', '2019-02-24 10:39:51'),
(285, 23, 8, 'yes', NULL, '2019-02-24 10:39:51', '2019-02-24 10:39:51'),
(286, 23, 9, 'yes', NULL, '2019-02-24 10:39:51', '2019-02-24 10:39:51'),
(287, 23, 10, 'yes', NULL, '2019-02-24 10:39:51', '2019-02-24 10:39:51'),
(288, 23, 11, 'yes', NULL, '2019-02-24 10:39:51', '2019-02-24 10:39:51'),
(289, 23, 12, 'yes', NULL, '2019-02-24 10:39:51', '2019-02-24 10:39:51'),
(290, 24, 1, 'yes', NULL, '2019-02-24 12:11:47', '2019-02-24 12:11:47'),
(291, 24, 2, 'yes', NULL, '2019-02-24 12:11:47', '2019-02-24 12:11:47'),
(292, 24, 3, 'yes', NULL, '2019-02-24 12:11:47', '2019-02-24 12:11:47'),
(293, 24, 4, 'yes', NULL, '2019-02-24 12:11:47', '2019-02-24 12:11:47'),
(294, 24, 5, 'yes', NULL, '2019-02-24 12:11:47', '2019-02-24 12:11:47'),
(295, 24, 6, 'yes', NULL, '2019-02-24 12:11:47', '2019-02-24 12:11:47'),
(296, 24, 7, 'yes', NULL, '2019-02-24 12:11:47', '2019-02-24 12:11:47'),
(297, 24, 8, 'yes', NULL, '2019-02-24 12:11:47', '2019-02-24 12:11:47'),
(298, 24, 9, 'yes', NULL, '2019-02-24 12:11:47', '2019-02-24 12:11:47'),
(299, 24, 10, 'yes', NULL, '2019-02-24 12:11:47', '2019-02-24 12:11:47'),
(300, 24, 11, 'yes', NULL, '2019-02-24 12:11:47', '2019-02-24 12:11:47'),
(301, 24, 12, 'yes', NULL, '2019-02-24 12:11:47', '2019-02-24 12:11:47'),
(302, 25, 1, 'yes', NULL, '2019-02-24 12:25:23', '2019-02-24 12:25:23'),
(303, 25, 2, 'yes', NULL, '2019-02-24 12:25:23', '2019-02-24 12:25:23'),
(304, 25, 3, 'yes', NULL, '2019-02-24 12:25:23', '2019-02-24 12:25:23'),
(305, 25, 4, 'yes', NULL, '2019-02-24 12:25:23', '2019-02-24 12:25:23'),
(306, 25, 5, 'yes', NULL, '2019-02-24 12:25:23', '2019-02-24 12:25:23'),
(307, 25, 6, 'yes', NULL, '2019-02-24 12:25:23', '2019-02-24 12:25:23'),
(308, 25, 7, 'yes', NULL, '2019-02-24 12:25:23', '2019-02-24 12:25:23'),
(309, 25, 8, 'yes', NULL, '2019-02-24 12:25:23', '2019-02-24 12:25:23'),
(310, 25, 9, 'yes', NULL, '2019-02-24 12:25:23', '2019-02-24 12:25:23'),
(311, 25, 10, 'yes', NULL, '2019-02-24 12:25:23', '2019-02-24 12:25:23'),
(312, 25, 11, 'yes', NULL, '2019-02-24 12:25:23', '2019-02-24 12:25:23'),
(313, 25, 12, 'yes', NULL, '2019-02-24 12:25:23', '2019-02-24 12:25:23'),
(314, 26, 1, 'yes', NULL, '2019-02-24 16:17:54', '2019-02-24 16:17:54'),
(315, 26, 2, 'yes', NULL, '2019-02-24 16:17:54', '2019-02-24 16:17:54'),
(316, 26, 3, 'yes', NULL, '2019-02-24 16:17:54', '2019-02-24 16:17:54'),
(317, 26, 4, 'yes', NULL, '2019-02-24 16:17:54', '2019-02-24 16:17:54'),
(318, 26, 5, 'yes', NULL, '2019-02-24 16:17:54', '2019-02-24 16:17:54'),
(319, 26, 6, 'yes', NULL, '2019-02-24 16:17:54', '2019-02-24 16:17:54'),
(320, 26, 7, 'yes', NULL, '2019-02-24 16:17:54', '2019-02-24 16:17:54'),
(321, 26, 8, 'yes', NULL, '2019-02-24 16:17:54', '2019-02-24 16:17:54'),
(322, 26, 9, 'yes', NULL, '2019-02-24 16:17:54', '2019-02-24 16:17:54'),
(323, 26, 10, 'yes', NULL, '2019-02-24 16:17:54', '2019-02-24 16:17:54'),
(324, 26, 11, 'yes', NULL, '2019-02-24 16:17:54', '2019-02-24 16:17:54'),
(325, 26, 12, 'yes', NULL, '2019-02-24 16:17:54', '2019-02-24 16:17:54'),
(326, 27, 1, 'no', NULL, '2019-02-25 14:45:11', '2019-02-25 14:45:11'),
(327, 27, 2, 'no', NULL, '2019-02-25 14:45:11', '2019-02-25 14:45:11'),
(328, 27, 3, 'no', NULL, '2019-02-25 14:45:11', '2019-02-25 14:45:11'),
(329, 27, 4, 'no', NULL, '2019-02-25 14:45:11', '2019-02-25 14:45:11'),
(330, 27, 5, 'no', NULL, '2019-02-25 14:45:11', '2019-02-25 14:45:11'),
(331, 27, 6, 'no', NULL, '2019-02-25 14:45:11', '2019-02-25 14:45:11'),
(332, 27, 7, 'no', NULL, '2019-02-25 14:45:11', '2019-02-25 14:45:11'),
(333, 27, 8, 'no', NULL, '2019-02-25 14:45:11', '2019-02-25 14:45:11'),
(334, 27, 9, 'no', NULL, '2019-02-25 14:45:11', '2019-02-25 14:45:11'),
(335, 27, 10, 'no', NULL, '2019-02-25 14:45:11', '2019-02-25 14:45:11'),
(336, 27, 11, 'no', NULL, '2019-02-25 14:45:11', '2019-02-25 14:45:11'),
(337, 27, 12, 'no', NULL, '2019-02-25 14:45:11', '2019-02-25 14:45:11');

-- --------------------------------------------------------

--
-- Структура на таблица `cities`
--

CREATE TABLE `cities` (
  `id` int(10) UNSIGNED NOT NULL,
  `name` varchar(191) COLLATE utf8mb4_unicode_ci NOT NULL,
  `created_at` timestamp NULL DEFAULT NULL,
  `updated_at` timestamp NULL DEFAULT NULL
) ENGINE=MyISAM DEFAULT CHARSET=utf8mb4 COLLATE=utf8mb4_unicode_ci;

--
-- Схема на данните от таблица `cities`
--

INSERT INTO `cities` (`id`, `name`, `created_at`, `updated_at`) VALUES
(1, 'София', '2019-02-17 16:33:02', '2019-02-17 16:33:02'),
(2, 'Пловдив', '2019-02-17 16:33:11', '2019-02-17 16:33:11');

-- --------------------------------------------------------

--
-- Структура на таблица `declarations`
--

CREATE TABLE `declarations` (
  `id` int(10) UNSIGNED NOT NULL,
  `active` int(11) DEFAULT NULL,
  `name` varchar(191) COLLATE utf8mb4_unicode_ci NOT NULL,
  `created_at` timestamp NULL DEFAULT NULL,
  `updated_at` timestamp NULL DEFAULT NULL
) ENGINE=MyISAM DEFAULT CHARSET=utf8mb4 COLLATE=utf8mb4_unicode_ci;

--
-- Схема на данните от таблица `declarations`
--

INSERT INTO `declarations` (`id`, `active`, `name`, `created_at`, `updated_at`) VALUES
(1, 1, 'kravodarqvane', '2019-02-05 22:00:00', '2019-02-26 22:00:00');

-- --------------------------------------------------------

--
-- Структура на таблица `donations`
--

CREATE TABLE `donations` (
  `id` int(10) UNSIGNED NOT NULL,
  `donor_id` int(10) UNSIGNED NOT NULL,
  `patient_id` int(10) UNSIGNED DEFAULT NULL,
  `donor_declaration_id` int(10) UNSIGNED NOT NULL,
  `doctor_id` int(10) UNSIGNED DEFAULT NULL,
  `laborant_id` int(10) UNSIGNED DEFAULT NULL,
  `flag` int(11) DEFAULT NULL,
  `description` text COLLATE utf8mb4_unicode_ci,
  `hiv_spin` int(11) DEFAULT NULL,
  `hepatitis_b` int(11) DEFAULT NULL,
  `hepatitis_c` int(11) DEFAULT NULL,
  `syphilis` int(11) DEFAULT NULL,
  `created_at` timestamp NULL DEFAULT NULL,
  `updated_at` timestamp NULL DEFAULT NULL
) ENGINE=MyISAM DEFAULT CHARSET=utf8mb4 COLLATE=utf8mb4_unicode_ci;

--
-- Схема на данните от таблица `donations`
--

INSERT INTO `donations` (`id`, `donor_id`, `patient_id`, `donor_declaration_id`, `doctor_id`, `laborant_id`, `flag`, `description`, `hiv_spin`, `hepatitis_b`, `hepatitis_c`, `syphilis`, `created_at`, `updated_at`) VALUES
(1, 2, NULL, 1, 4, 7, 1, 'gggg', 2, 1, 1, 1, '2019-02-10 19:33:11', '2019-02-11 18:19:31'),
(3, 2, NULL, 3, 4, 7, 1, 'mmm', 1, 1, 1, 1, '2019-02-11 18:51:58', '2019-02-12 19:40:11'),
(4, 2, NULL, 4, 4, 7, 1, 'ggggg', 1, 1, 1, 1, '2019-02-12 20:17:42', '2019-02-23 18:01:32'),
(8, 1, NULL, 8, 4, NULL, 1, 'vvvvv', NULL, NULL, NULL, NULL, '2019-02-23 17:40:39', '2019-02-23 18:00:52'),
(10, 2, NULL, 10, 4, NULL, 1, '/.гх,;флмнфН', NULL, NULL, NULL, NULL, '2019-02-23 18:27:11', '2019-02-24 09:05:54'),
(26, 4, 18, 26, NULL, NULL, NULL, NULL, NULL, NULL, NULL, NULL, '2019-02-24 16:17:54', '2019-02-24 16:17:54'),
(12, 7, 5, 12, 4, NULL, 1, '33', NULL, NULL, NULL, NULL, '2019-02-23 19:42:39', '2019-02-23 19:43:09'),
(25, 2, NULL, 25, NULL, NULL, NULL, NULL, NULL, NULL, NULL, NULL, '2019-02-24 12:25:23', '2019-02-24 12:25:23'),
(23, 4, 5, 23, NULL, NULL, NULL, NULL, NULL, NULL, NULL, NULL, '2019-02-24 10:39:51', '2019-02-24 10:39:51'),
(18, 2, 5, 18, NULL, NULL, NULL, NULL, NULL, NULL, NULL, NULL, '2019-02-23 20:42:32', '2019-02-23 20:42:32'),
(24, 4, 13, 24, NULL, NULL, NULL, NULL, NULL, NULL, NULL, NULL, '2019-02-24 12:11:47', '2019-02-24 12:11:47'),
(27, 2, 18, 27, NULL, NULL, NULL, NULL, NULL, NULL, NULL, NULL, '2019-02-25 14:45:11', '2019-02-25 14:45:11');

-- --------------------------------------------------------

--
-- Структура на таблица `donor_deklarations`
--

CREATE TABLE `donor_deklarations` (
  `id` int(10) UNSIGNED NOT NULL,
  `donor_id` int(10) UNSIGNED NOT NULL,
  `declaration_id` int(10) UNSIGNED NOT NULL,
  `created_at` timestamp NULL DEFAULT NULL,
  `updated_at` timestamp NULL DEFAULT NULL
) ENGINE=MyISAM DEFAULT CHARSET=utf8mb4 COLLATE=utf8mb4_unicode_ci;

--
-- Схема на данните от таблица `donor_deklarations`
--

INSERT INTO `donor_deklarations` (`id`, `donor_id`, `declaration_id`, `created_at`, `updated_at`) VALUES
(1, 2, 1, '2019-02-10 19:33:11', '2019-02-10 19:33:11'),
(3, 2, 1, '2019-02-11 18:51:58', '2019-02-11 18:51:58'),
(4, 2, 1, '2019-02-12 20:17:42', '2019-02-12 20:17:42'),
(10, 2, 1, '2019-02-23 18:27:11', '2019-02-23 18:27:11'),
(26, 4, 1, '2019-02-24 16:17:54', '2019-02-24 16:17:54'),
(8, 1, 1, '2019-02-23 17:40:38', '2019-02-23 17:40:38'),
(12, 7, 1, '2019-02-23 19:42:39', '2019-02-23 19:42:39'),
(25, 2, 1, '2019-02-24 12:25:23', '2019-02-24 12:25:23'),
(23, 4, 1, '2019-02-24 10:39:51', '2019-02-24 10:39:51'),
(18, 2, 1, '2019-02-23 20:42:32', '2019-02-23 20:42:32'),
(24, 4, 1, '2019-02-24 12:11:47', '2019-02-24 12:11:47'),
(27, 2, 1, '2019-02-25 14:45:11', '2019-02-25 14:45:11');

-- --------------------------------------------------------

--
-- Структура на таблица `hospitals`
--

CREATE TABLE `hospitals` (
  `id` int(10) UNSIGNED NOT NULL,
  `name` varchar(191) COLLATE utf8mb4_unicode_ci NOT NULL,
  `city_id` int(10) UNSIGNED NOT NULL,
  `created_at` timestamp NULL DEFAULT NULL,
  `updated_at` timestamp NULL DEFAULT NULL
) ENGINE=MyISAM DEFAULT CHARSET=utf8mb4 COLLATE=utf8mb4_unicode_ci;

--
-- Схема на данните от таблица `hospitals`
--

INSERT INTO `hospitals` (`id`, `name`, `city_id`, `created_at`, `updated_at`) VALUES
(1, 'СБАЛ по детски болести „проф. д-р Иван Митев“ ЕАД', 1, '2019-02-11 22:00:00', '2019-02-11 22:00:00'),
(2, 'УМБАЛ „Св. Иван Рилски“', 1, NULL, NULL),
(3, 'УМБАЛ „Царица Йоанна – ИСУЛ“', 2, NULL, NULL),
(4, 'УМБАЛСМ „Н. И. Пирогов“ (спешна медицина)', 2, NULL, NULL);

-- --------------------------------------------------------

--
-- Структура на таблица `migrations`
--

CREATE TABLE `migrations` (
  `id` int(10) UNSIGNED NOT NULL,
  `migration` varchar(191) COLLATE utf8mb4_unicode_ci NOT NULL,
  `batch` int(11) NOT NULL
) ENGINE=MyISAM DEFAULT CHARSET=utf8mb4 COLLATE=utf8mb4_unicode_ci;

--
-- Схема на данните от таблица `migrations`
--

INSERT INTO `migrations` (`id`, `migration`, `batch`) VALUES
(1, '2014_10_12_000000_create_users_table', 1),
(2, '2019_01_01_140455_create_cities_table', 1),
(3, '2019_01_02_123604_create_questions_table', 1),
(4, '2019_01_02_130359_create_answers_table', 1),
(5, '2019_01_11_200809_create_donations_table', 1),
(6, '2019_01_12_080328_create_hospitals_table', 1),
(7, '2019_01_13_154313_create_donor_deklarations_table', 1),
(8, '2019_01_13_154841_create_declarations_table', 1);

-- --------------------------------------------------------

--
-- Структура на таблица `questions`
--

CREATE TABLE `questions` (
  `id` int(10) UNSIGNED NOT NULL,
  `name` varchar(191) COLLATE utf8mb4_unicode_ci NOT NULL,
  `declaration_id` int(10) UNSIGNED DEFAULT NULL,
  `created_at` timestamp NULL DEFAULT NULL,
  `updated_at` timestamp NULL DEFAULT NULL
) ENGINE=MyISAM DEFAULT CHARSET=utf8mb4 COLLATE=utf8mb4_unicode_ci;

--
-- Схема на данните от таблица `questions`
--

INSERT INTO `questions` (`id`, `name`, `declaration_id`, `created_at`, `updated_at`) VALUES
(1, 'Ако ни се удаде да разрешим всички въпроси и да получим за всеки съответстващия отговор, то какво бихме правили тогава.', 1, NULL, '2019-02-13 20:15:44'),
(2, 'Безкрайните въпроси не очакват отговор.', 1, NULL, NULL),
(3, 'В живота ни има само четири истински въпроса. Кое е свято? От какво е направена душата ни? За какво живеем и за какво си струва да загинем? Отговорът на всички е един и същ – Любов. ', 1, NULL, NULL),
(4, '"Въпросите са като цигарите – опасни са за здравето." — "Заплахите също."', 1, NULL, '2019-02-24 12:46:29'),
(5, 'Задавайки хипотетични въпроси, получаваме хипотетични отговори', 1, NULL, NULL),
(6, 'Задавам уклончиви въпроси, за да избегна уклончивите отговори.', 1, NULL, NULL),
(7, 'Защо слонът не може да кара кола?', 1, '2019-02-09 20:34:36', '2019-02-09 20:34:36'),
(8, 'Защо пада дъждът? edit', 1, '2019-02-09 20:34:56', '2019-02-23 18:32:17'),
(9, 'Защо всички в автобуса си дупчат билети, а само джуджето не?', 1, '2019-02-09 20:35:10', '2019-02-09 20:35:10'),
(10, 'Пилот си на самолет. В София се качват 10 пътника. В Пловдив слизат 3 и се качват 15. В Стара Загора се качват още 6 и никой не слиза. На колко години е пилота?', 1, '2019-02-09 20:35:20', '2019-02-09 20:35:20'),
(11, 'Може ли мъж в България да си ожени за втората братовчедка на вдовицата си?', 1, '2019-02-09 20:35:32', '2019-02-09 20:35:32'),
(12, 'Кое е най-лошото, което можеш да пожелаеш на микроб?', 1, '2019-02-09 20:36:12', '2019-02-09 20:36:12');

-- --------------------------------------------------------

--
-- Структура на таблица `users`
--

CREATE TABLE `users` (
  `id` int(10) UNSIGNED NOT NULL,
  `added_by` int(11) DEFAULT NULL,
  `hospital_id` int(10) UNSIGNED DEFAULT NULL,
  `city_id` int(10) UNSIGNED DEFAULT NULL,
  `blood_quantity` int(11) DEFAULT NULL,
  `count_blood_quantity` int(11) DEFAULT '0',
  `egn` varchar(191) COLLATE utf8mb4_unicode_ci DEFAULT NULL,
  `name` varchar(191) COLLATE utf8mb4_unicode_ci DEFAULT NULL,
  `fathersname` varchar(191) COLLATE utf8mb4_unicode_ci DEFAULT NULL,
  `surname` varchar(191) COLLATE utf8mb4_unicode_ci DEFAULT NULL,
  `email` varchar(191) COLLATE utf8mb4_unicode_ci DEFAULT NULL,
  `email_verified_at` timestamp NULL DEFAULT NULL,
  `password` varchar(191) COLLATE utf8mb4_unicode_ci DEFAULT NULL,
  `blood_type` int(11) DEFAULT NULL,
  `role` varchar(191) COLLATE utf8mb4_unicode_ci NOT NULL,
  `active` int(11) DEFAULT NULL,
  `gender` varchar(191) COLLATE utf8mb4_unicode_ci DEFAULT NULL,
  `remember_token` varchar(100) COLLATE utf8mb4_unicode_ci DEFAULT NULL,
  `created_at` timestamp NULL DEFAULT NULL,
  `updated_at` timestamp NULL DEFAULT NULL
) ENGINE=MyISAM DEFAULT CHARSET=utf8mb4 COLLATE=utf8mb4_unicode_ci;

--
-- Схема на данните от таблица `users`
--

INSERT INTO `users` (`id`, `added_by`, `hospital_id`, `city_id`, `blood_quantity`, `count_blood_quantity`, `egn`, `name`, `fathersname`, `surname`, `email`, `email_verified_at`, `password`, `blood_type`, `role`, `active`, `gender`, `remember_token`, `created_at`, `updated_at`) VALUES
(2, NULL, NULL, 2, NULL, NULL, '9205182386', 'Иван', 'Иван', 'Иванов', 'admin@abv.bg', NULL, '$2y$10$P/91Iw7NwZWMrgrXAOL1zuBgeVPz/M3.lHG4GvlWBCKSy/ytuoyfW', 2, 'ROLE_ADMIN', 1, 'male', 'Mmg8mYcYPYmggIomuz2RnvWFDuNqYsHv5j4ec8YbisgWbkA93Lb4mTjrDKiH', '2019-02-10 19:04:43', '2019-02-24 15:53:43'),
(4, NULL, 1, 2, NULL, NULL, '8605182386', 'Милен', 'Георгиев', 'Георгиев', 'doctor@abv.bg', NULL, '$2y$10$0lZ5e2WwNR/HkBrU3c0BseV.j8aysj60hb9Jcma6e1Cjgp9TZd7L6', NULL, 'ROLE_DOCTOR', 1, 'male', 'rKNYbtB7dtvXbV7y0oHKOcNRJqRpzLvGBR37rTo6GI1MLipzH1yfBxExN9ua', '2019-02-10 20:50:33', '2019-02-24 15:57:16'),
(5, 2, 1, NULL, 1, 1, NULL, 'Мариян', 'Мариян', 'Илиев', NULL, NULL, '$2y$10$hE7VIu7z0c60hEzY6EuMY.gaiPWQns6n.PWhEhAFnuvLE/CkwMzkC', 1, 'ROLE_PATIENT', NULL, 'male', 'P4oFfDcgTQyWlcNvdIz2DelAizDkctXRHqu8G0btmaw7wdszy7C2TiHS4vll', '2019-02-10 20:53:35', '2019-02-24 13:42:57'),
(7, NULL, 2, 1, NULL, NULL, '9205182386', 'Бойко', 'Бойко', 'Борисов', 'laborant@abv.bg', NULL, '$2y$10$QP2xB5wiFvGL2U8ZgP/ixO4DTd/D7xYsdRKtXnNv39Ix/Zt/QlcTC', 2, 'ROLE_LABORANT', 1, 'male', '1YerNsZFmssOEfRSASl78oy0Paijv1i6vPLusldxxRqzCkpzRkdcn4QeWsgI', '2019-02-11 18:18:38', '2019-02-24 15:56:44'),
(12, NULL, NULL, NULL, NULL, NULL, NULL, NULL, NULL, NULL, 'hh@abv.bg', NULL, '$2y$10$/nFFxKKcBS6SqLhXSc2MwOwxHydbJcENr2XUk2WCH95rxWp0ZN0.S', NULL, 'ROLE_USER', 1, NULL, NULL, '2019-02-15 19:22:19', '2019-02-15 19:22:19'),
(13, 2, 1, 2, 2, 2, NULL, 'Мария', 'Мария', 'Илиева', NULL, NULL, NULL, 1, 'ROLE_PATIENT', NULL, 'female', NULL, '2019-02-23 17:59:07', '2019-02-24 13:37:42'),
(14, 4, 2, 1, 1, 0, NULL, 'Джо', 'Мир', 'Мир', NULL, NULL, NULL, 1, 'ROLE_PATIENT', NULL, 'male', NULL, '2019-02-23 20:03:51', '2019-02-23 20:03:51'),
(15, NULL, NULL, NULL, NULL, NULL, NULL, NULL, NULL, NULL, 'av@abv.bg', NULL, '$2y$10$HO5z9FQKma8ohyUmh2VZ3uI8GONVoB9ifFsnzh65syxcpizAGJtFy', NULL, 'ROLE_USER', 1, NULL, 'PYfmXjOiJz5bOE8M4JZQnhr2FqG2dNU4ELzyKdXVFuXre1EJgzdBMGnCWCpp', '2019-02-24 08:36:58', '2019-02-24 08:36:58'),
(16, 4, 1, NULL, 2, 1, NULL, 'Красимир', 'Иванов', 'Стамов', NULL, NULL, NULL, 2, 'ROLE_PATIENT', NULL, 'male', NULL, '2019-02-24 10:01:00', '2019-02-24 10:01:00'),
(18, 2, 1, NULL, 3, 3, NULL, 'Ася', 'Иванова', 'Димитрова', NULL, NULL, NULL, 1, 'ROLE_PATIENT', NULL, 'female', NULL, '2019-02-24 16:16:39', '2019-02-25 14:45:11');

--
-- Indexes for dumped tables
--

--
-- Indexes for table `answers`
--
ALTER TABLE `answers`
  ADD PRIMARY KEY (`id`),
  ADD KEY `answers_donor_declaration_id_index` (`donor_declaration_id`),
  ADD KEY `answers_question_id_index` (`question_id`);

--
-- Indexes for table `cities`
--
ALTER TABLE `cities`
  ADD PRIMARY KEY (`id`);

--
-- Indexes for table `declarations`
--
ALTER TABLE `declarations`
  ADD PRIMARY KEY (`id`);

--
-- Indexes for table `donations`
--
ALTER TABLE `donations`
  ADD PRIMARY KEY (`id`),
  ADD KEY `donations_donor_id_index` (`donor_id`),
  ADD KEY `donations_patient_id_index` (`patient_id`),
  ADD KEY `donations_donor_declaration_id_index` (`donor_declaration_id`),
  ADD KEY `donations_doctor_id_index` (`doctor_id`),
  ADD KEY `donations_laborant_id_index` (`laborant_id`);

--
-- Indexes for table `donor_deklarations`
--
ALTER TABLE `donor_deklarations`
  ADD PRIMARY KEY (`id`),
  ADD KEY `donor_deklarations_donor_id_index` (`donor_id`),
  ADD KEY `donor_deklarations_declaration_id_index` (`declaration_id`);

--
-- Indexes for table `hospitals`
--
ALTER TABLE `hospitals`
  ADD PRIMARY KEY (`id`),
  ADD KEY `hospitals_city_id_index` (`city_id`);

--
-- Indexes for table `migrations`
--
ALTER TABLE `migrations`
  ADD PRIMARY KEY (`id`);

--
-- Indexes for table `questions`
--
ALTER TABLE `questions`
  ADD PRIMARY KEY (`id`),
  ADD KEY `questions_declaration_id_index` (`declaration_id`);

--
-- Indexes for table `users`
--
ALTER TABLE `users`
  ADD PRIMARY KEY (`id`),
  ADD UNIQUE KEY `users_email_unique` (`email`),
  ADD KEY `users_hospital_id_index` (`hospital_id`),
  ADD KEY `users_city_id_index` (`city_id`);

--
-- AUTO_INCREMENT for dumped tables
--

--
-- AUTO_INCREMENT for table `answers`
--
ALTER TABLE `answers`
  MODIFY `id` int(10) UNSIGNED NOT NULL AUTO_INCREMENT, AUTO_INCREMENT=338;
--
-- AUTO_INCREMENT for table `cities`
--
ALTER TABLE `cities`
  MODIFY `id` int(10) UNSIGNED NOT NULL AUTO_INCREMENT, AUTO_INCREMENT=51;
--
-- AUTO_INCREMENT for table `declarations`
--
ALTER TABLE `declarations`
  MODIFY `id` int(10) UNSIGNED NOT NULL AUTO_INCREMENT, AUTO_INCREMENT=11;
--
-- AUTO_INCREMENT for table `donations`
--
ALTER TABLE `donations`
  MODIFY `id` int(10) UNSIGNED NOT NULL AUTO_INCREMENT, AUTO_INCREMENT=28;
--
-- AUTO_INCREMENT for table `donor_deklarations`
--
ALTER TABLE `donor_deklarations`
  MODIFY `id` int(10) UNSIGNED NOT NULL AUTO_INCREMENT, AUTO_INCREMENT=28;
--
-- AUTO_INCREMENT for table `hospitals`
--
ALTER TABLE `hospitals`
  MODIFY `id` int(10) UNSIGNED NOT NULL AUTO_INCREMENT, AUTO_INCREMENT=8;
--
-- AUTO_INCREMENT for table `migrations`
--
ALTER TABLE `migrations`
  MODIFY `id` int(10) UNSIGNED NOT NULL AUTO_INCREMENT, AUTO_INCREMENT=9;
--
-- AUTO_INCREMENT for table `questions`
--
ALTER TABLE `questions`
  MODIFY `id` int(10) UNSIGNED NOT NULL AUTO_INCREMENT, AUTO_INCREMENT=18;
--
-- AUTO_INCREMENT for table `users`
--
ALTER TABLE `users`
  MODIFY `id` int(10) UNSIGNED NOT NULL AUTO_INCREMENT, AUTO_INCREMENT=19;
/*!40101 SET CHARACTER_SET_CLIENT=@OLD_CHARACTER_SET_CLIENT */;
/*!40101 SET CHARACTER_SET_RESULTS=@OLD_CHARACTER_SET_RESULTS */;
/*!40101 SET COLLATION_CONNECTION=@OLD_COLLATION_CONNECTION */;
